<?xml version="1.0" encoding="utf-8"?>
<!DOCTYPE install PUBLIC "-//Joomla! 1.7//DTD template 1.0//EN" "http://www.joomla.org/xml/dtd/1.6/template-install.dtd">
<extension version="2.5" type="template" client="site">
	<name>kwd-j-bootstrap</name>
	<creationDate>June 25 2012</creationDate>
	<author>Chris Jones-Gill</author>
	<authorEmail>chris.jones-gill@kisswebdesign.co.uk</authorEmail>
	<authorUrl>http://kisswebdesign.co.uk</authorUrl>
	<copyright>Copyright (C) 2012 Chris Jones-Gill | KISS Web Design | All rights reserved.</copyright>
	<license>GNU General Public License version 2 or later</license>
	<version>0.1.5</version>	
	<description>
		<![CDATA[
			<p>This is a responsive, HTML5 template for Joomla! 2.5 from <a href="http://kisswebdesign.co.uk">KISS Web Design</a>.</p>
			<p>It follows the <a href="http://www.w3.org/TR/mobile-bp/#OneWeb">'One Web'</a> philosophy - designing websites that can be delivered to all screens and devices, present and future</p>
			<p>It is based on <a href="https://github.com/twitter/bootstrap">twitter/bootstrap</a> version 2.0.3</p>
			<p>Prior to creating this template KISS Web Design forked twitter/bootstrap and created our own <a href="https://github.com/KISS-Web-Design/bootstrap">baseline bootstrap</a>.</p>
			<p>This template is taken from our baseline, not the original twitter/bootstrap</p>
		]]>
	</description>
		
	<files>
        <filename>index.php</filename>
       <filename>CreativeCommons-by-sa-3.0.txt</filename>
        <filename>gpl-2.0.txt</filename>
        <filename>mit-licence.txt</filename>
        <filename>BSD-licence.txt</filename>
        <filename>LICENSE</filename>
        <filename>templateDetails.xml</filename>
		<folder>assets</folder>
		<folder>functions</folder>
		<folder>html</folder>
	</files>
	
	<positions>
		<position>nav-top</position>
		<position>nav-r1</position>
		<position>section-r2-1</position>
		<position>section-r2-2</position>
		<position>section-r2-3</position>
		<position>section-r2-4</position>
		<position>nav-r3</position>
		<position>section-r4</position>
		<position>nav-r5</position>
		<position>section-r6-1</position>
		<position>section-r6-2</position>
		<position>section-r6-3</position>
		<position>section-r6-4</position>
		<position>section-r7-1</position>
		<position>section-r7-2</position>
		<position>section-r7-3</position>
		<position>section-r7-4</position>
		<position>nav-r8</position>
		<position>section-main-left</position>
		<position>section-main</position>
		<position>section-main-right</position>
		<position>section-r10-1</position>
		<position>section-r10-2</position>
		<position>section-r10-3</position>
		<position>section-r10-4</position>
		<position>section-r11-1</position>
		<position>section-r11-2</position>
		<position>section-r11-3</position>
		<position>section-r11-4</position>
		<position>section-r12</position>
		<position>section-r13-1</position>
		<position>section-r13-2</position>
		<position>section-r13-3</position>
		<position>section-r13-4</position>
		<position>nav-r14</position>
		<position>nav-bottom</position>
	</positions>
		
	<config>
		<fields name="params">
			<fieldset name="Customise Joomla! output" label="Customise Joomla! output" addfieldpath="/templates/kwd-j-bootstrap/functions" >
				<field name="loadMoo" type="radio" default="0" label="Load MooTools?" description="Load the MooTools JavaScript library that is included with Joomla? If it is not in use you can save a lot of Kb by not loading it. Setting this to no will also disable caption.js">
					<option value="1">Yes</option>
					<option value="0">No</option>
				</field>
				<field type="spacer" default=" " />
				<field name="setGeneratorTag" type="text" default="KISS Web Design - Joomla! Bootstrap Template" label="Generator Meta Tag" description="Customise the generator meta tag output by your template." size="85" />
				<field name="analytics" type="text" default="UA-XXXXX-X" label="Google Analytics ID" description="Change UA-XXXXX-X to be your site's ID" size="15" />
			</fieldset>				
		
			<fieldset name="Typography" label="Typography">					
				<field name="bodyFontFamily" type="list" default="" label="The Body Font">
					<option value="">- None Selected -</option>
					<option value="arial">Arial</option>
					<option value="arial-black">Arial Black</option>
					<option value="courier">Courier New</option>			
					<option value="georgia">Georgia</option>
					<option value="helvetica">Helvetica</option>
					<option value="impact">Impact</option>			
					<option value="lucida-console">Lucida Console</option>	
					<option value="lucida-grande">Lucida Grande</option>								
					<option value="lucida-sans">Lucida Sans</option>
					<option value="palatino">Palatino</option>			
					<option value="tahoma">Tahoma</option>
					<option value="times">Times New Roman</option>
					<option value="trebuchet">Trebuchet</option>
					<option value="verdana">Verdana</option>
				</field>
				<field type="spacer" default=" " />				
				<field name="googleWebFont" type="googlewebfont" default="" label="Google Web Font" description="The Google Web font to be applied to the designated targets below. Visit http://code.google.com/webfonts for more information." />										
				<field name="googleWebFontTargets" type="text" default="" label="Google Web Font Targets" description="A comma seperated list of the html elements, CSS IDs, and classes to apply the selected Google Web Font to. If targeting the body, be sure to set the Body Font Family to None Selected." size="50" />
				<field type="spacer" default=" " />
				<field name="googleWebFont2" type="googlewebfont" default="" label="Google Web Font" description="The Google Web font to be applied to the designated targets below. Visit http://code.google.com/webfonts for more information." />										
				<field name="googleWebFontTargets2" type="text" default="" label="Google Web Font Targets" description="A comma seperated list of the html elements, CSS IDs, and classes to apply the selected Google Web Font to. If targeting the body, be sure to set the Body Font Family to None Selected." size="50"/>		
				<field type="spacer" default=" " />
				<field name="googleWebFont3" type="googlewebfont" default="" label="Google Web Font" description="The Google Web font to be applied to the designated targets below. Visit http://code.google.com/webfonts for more information." />										
				<field name="googleWebFontTargets3" type="text" default="" label="Google Web Font Targets" description="A comma seperated list of the html elements, CSS IDs, and classes to apply the selected Google Web Font to. If targeting the body, be sure to set the Body Font Family to None Selected." size="50" />								
			</fieldset>
					
			<fieldset name="Header Row Module Spans" label="Header Row Module Spans">
               <field name="row2Name" type="text" default="Header Contents" label="Name for this row" description="When this row collapses on a small screen, this is the text that will be displayed in the show/hide button" size="50" />
               <field name="logo" type="list" default="12" label="logo width" >
					<option value="1">one</option>
					<option value="2">two</option>
					<option value="3">three</option>
					<option value="4">four</option>
					<option value="5">five</option>
					<option value="6">six</option>
					<option value="7">seven</option>
					<option value="8">eight</option>
					<option value="9">nine</option>
					<option value="10">ten</option>
					<option value="11">eleven</option>
					<option value="12">twelve</option>
				</field>
				<field name="row2aLeftMargin" type="radio" default="1" label="No Left Margin?" description="Selecting Yes will force this module position to have no left margin">
					<option value="1">Yes</option>
					<option value="0">No</option>
				</field>
							
				<field name="tagline" type="list" default="12" label="tagline width" description="Default position is section-r2-2">
					<option value="1">one</option>
					<option value="2">two</option>
					<option value="3">three</option>
					<option value="4">four</option>
					<option value="5">five</option>
					<option value="6">six</option>
					<option value="7">seven</option>
					<option value="8">eight</option>
					<option value="9">nine</option>
					<option value="10">ten</option>
					<option value="11">eleven</option>
					<option value="12">twelve</option>
				</field>
				<field name="row2bLeftMargin" type="radio" default="0" label="No Left Margin?" description="Selecting Yes will force this module position to have no left margin">
					<option value="1">Yes</option>
					<option value="0">No</option>
				</field>
				
				<field name="search" type="list" default="12" label="search width" description="Default position is section-r2-3">
					<option value="1">one</option>
					<option value="2">two</option>
					<option value="3">three</option>
					<option value="4">four</option>
					<option value="5">five</option>
					<option value="6">six</option>
					<option value="7">seven</option>
					<option value="8">eight</option>
					<option value="9">nine</option>
					<option value="10">ten</option>
					<option value="11">eleven</option>
					<option value="12">twelve</option>
				</field>
				<field name="row2cLeftMargin" type="radio" default="0" label="No Left Margin?" description="Selecting Yes will force this module position to have no left margin">
					<option value="1">Yes</option>
					<option value="0">No</option>
				</field>

                <field name="section-r2-4" type="list" default="12" label="Section Row 2 position 4 width" >
					<option value="1">one</option>
					<option value="2">two</option>
					<option value="3">three</option>
					<option value="4">four</option>
					<option value="5">five</option>
					<option value="6">six</option>
					<option value="7">seven</option>
					<option value="8">eight</option>
					<option value="9">nine</option>
					<option value="10">ten</option>
					<option value="11">eleven</option>
					<option value="12">twelve</option>
				</field>
				<field name="row2dLeftMargin" type="radio" default="0" label="No Left Margin?" description="Selecting Yes will force this module position to have no left margin">
					<option value="1">Yes</option>
					<option value="0">No</option>
				</field>
			</fieldset>	

			<fieldset name="Position Spans Row 4" label="Span for Positions on Row 4">
               	<field name="row4Name" type="text" default="Row 4" label="Name for this row" description="When this row collapses on a small screen, this is the text that will be displayed in the show/hide button" size="50" />
                <field name="section-r4" type="list" default="12" label="Section Row 4 position width" description="Fixed at twelve columns, use module specific css classes to set the span for individual modules.">
					<option value="12">twelve</option>
				</field>
				<field name="row4aLeftMargin" type="radio" default="1" label="No Left Margin?" description="Selecting Yes will force this module position to have no left margin">
					<option value="1">Yes</option>
					<option value="0">No</option>
				</field>
			</fieldset>
		
			<fieldset name="Position Spans Row 6" label="Span for Positions on Row 6">
               	<field name="row6Name" type="text" default="Row 6" label="Name for this row" description="When this row collapses on a small screen, this is the text that will be displayed in the show/hide button" size="50" />
				<field name="CalculateR6" type="radio" default="1" label="Auto Calculate columns spanned?" description="Calculate the number of columns required by dividing the number of active positions by the available columns. This will override anything you enter in this section.">
                	<option value="1">Yes</option>
					<option value="0">No</option>
				</field>
                <field name="section-r6-1" type="list" default="12" label="Section Row 6 position 1 width" >
					<option value="1">one</option>
					<option value="2">two</option>
					<option value="3">three</option>
					<option value="4">four</option>
					<option value="5">five</option>
					<option value="6">six</option>
					<option value="7">seven</option>
					<option value="8">eight</option>
					<option value="9">nine</option>
					<option value="10">ten</option>
					<option value="11">eleven</option>
					<option value="12">twelve</option>
				</field>
				<field name="row6aLeftMargin" type="radio" default="1" label="No Left Margin?" description="Selecting Yes will force this module position to have no left margin">
					<option value="1">Yes</option>
					<option value="0">No</option>
				</field>

				<field name="section-r6-2" type="list" default="12" label="Section Row 6 position 2 width" >
					<option value="1">one</option>
					<option value="2">two</option>
					<option value="3">three</option>
					<option value="4">four</option>
					<option value="5">five</option>
					<option value="6">six</option>
					<option value="7">seven</option>
					<option value="8">eight</option>
					<option value="9">nine</option>
					<option value="10">ten</option>
					<option value="11">eleven</option>
					<option value="12">twelve</option>
				</field>
				<field name="row6bLeftMargin" type="radio" default="0" label="No Left Margin?" description="Selecting Yes will force this module position to have no left margin">
					<option value="1">Yes</option>
					<option value="0">No</option>
				</field>

				<field name="section-r6-3" type="list" default="12" label="Section Row 6 position 3 width" >
					<option value="1">one</option>
					<option value="2">two</option>
					<option value="3">three</option>
					<option value="4">four</option>
					<option value="5">five</option>
					<option value="6">six</option>
					<option value="7">seven</option>
					<option value="8">eight</option>
					<option value="9">nine</option>
					<option value="10">ten</option>
					<option value="11">eleven</option>
					<option value="12">twelve</option>
				</field>
				<field name="row6cLeftMargin" type="radio" default="0" label="No Left Margin?" description="Selecting Yes will force this module position to have no left margin">
					<option value="1">Yes</option>
					<option value="0">No</option>
				</field>
				
				<field name="section-r6-4" type="list" default="12" label="Section Row 6 position 4 width" >
					<option value="1">one</option>
					<option value="2">two</option>
					<option value="3">three</option>
					<option value="4">four</option>
					<option value="5">five</option>
					<option value="6">six</option>
					<option value="7">seven</option>
					<option value="8">eight</option>
					<option value="9">nine</option>
					<option value="10">ten</option>
					<option value="11">eleven</option>
					<option value="12">twelve</option>
				</field>
				<field name="row6dLeftMargin" type="radio" default="0" label="No Left Margin?" description="Selecting Yes will force this module position to have no left margin">
					<option value="1">Yes</option>
					<option value="0">No</option>
				</field>
            </fieldset>	

			<fieldset name="Position Spans Row 7" label="Span for Positions on Row 7">
               	<field name="row7Name" type="text" default="Row 7" label="Name for this row" description="When this row collapses on a small screen, this is the text that will be displayed in the show/hide button" size="50" />
				<field name="CalculateR7" type="radio" default="1" label="Auto Calculate columns spanned?" description="Calculate the number of columns required by dividing the number of active positions by the available columns. This will override anything you enter in this section.">
                	<option value="1">Yes</option>
					<option value="0">No</option>
				</field>
                <field name="section-r7-1" type="list" default="12" label="Section Row 7 position 1 width" >
					<option value="1">one</option>
					<option value="2">two</option>
					<option value="3">three</option>
					<option value="4">four</option>
					<option value="5">five</option>
					<option value="6">six</option>
					<option value="7">seven</option>
					<option value="8">eight</option>
					<option value="9">nine</option>
					<option value="10">ten</option>
					<option value="11">eleven</option>
					<option value="12">twelve</option>
				</field>
				<field name="row7aLeftMargin" type="radio" default="1" label="No Left Margin?" description="Selecting Yes will force this module position to have no left margin">
					<option value="1">Yes</option>
					<option value="0">No</option>
				</field>

				<field name="section-r7-2" type="list" default="12" label="Section Row 7 position 2 width" >
					<option value="1">one</option>
					<option value="2">two</option>
					<option value="3">three</option>
					<option value="4">four</option>
					<option value="5">five</option>
					<option value="6">six</option>
					<option value="7">seven</option>
					<option value="8">eight</option>
					<option value="9">nine</option>
					<option value="10">ten</option>
					<option value="11">eleven</option>
					<option value="12">twelve</option>
				</field>
				<field name="row7bLeftMargin" type="radio" default="0" label="No Left Margin?" description="Selecting Yes will force this module position to have no left margin">
					<option value="1">Yes</option>
					<option value="0">No</option>
				</field>

				<field name="section-r7-3" type="list" default="12" label="Section Row 7 position 3 width" >
					<option value="1">one</option>
					<option value="2">two</option>
					<option value="3">three</option>
					<option value="4">four</option>
					<option value="5">five</option>
					<option value="6">six</option>
					<option value="7">seven</option>
					<option value="8">eight</option>
					<option value="9">nine</option>
					<option value="10">ten</option>
					<option value="11">eleven</option>
					<option value="12">twelve</option>
				</field>
				<field name="row7cLeftMargin" type="radio" default="0" label="No Left Margin?" description="Selecting Yes will force this module position to have no left margin">
					<option value="1">Yes</option>
					<option value="0">No</option>
				</field>

				<field name="section-r7-4" type="list" default="12" label="Section Row 7 position 4 width" >
					<option value="1">one</option>
					<option value="2">two</option>
					<option value="3">three</option>
					<option value="4">four</option>
					<option value="5">five</option>
					<option value="6">six</option>
					<option value="7">seven</option>
					<option value="8">eight</option>
					<option value="9">nine</option>
					<option value="10">ten</option>
					<option value="11">eleven</option>
					<option value="12">twelve</option>
				</field>
				<field name="row7dLeftMargin" type="radio" default="0" label="No Left Margin?" description="Selecting Yes will force this module position to have no left margin">
					<option value="1">Yes</option>
					<option value="0">No</option>
				</field>
            </fieldset>	
		
			<fieldset name="Main Row Module Widths" label="Main Row Module Widths">
				<field name="CalculateMain" type="radio" default="0" label="Auto Calculate columns required?" description="Calculate the number of columns required by dividing the number of active positions by the available columns. This will override anything you enter in this section.">
                			<option value="1">Yes</option>
					<option value="0">No</option>
				</field>
                <field name="mainleft" type="list" default="12" label="left width" >
					<option value="1">one</option>
					<option value="2">two</option>
					<option value="3">three</option>
					<option value="4">four</option>
					<option value="5">five</option>
					<option value="6">six</option>
					<option value="7">seven</option>
					<option value="8">eight</option>
					<option value="9">nine</option>
					<option value="10">ten</option>
					<option value="11">eleven</option>
					<option value="12">twelve</option>
				</field>
				<field name="maincontent" type="list" default="12" label="main content width" >
					<option value="1">one</option>
					<option value="2">two</option>
					<option value="3">three</option>
					<option value="4">four</option>
					<option value="5">five</option>
					<option value="6">six</option>
					<option value="7">seven</option>
					<option value="8">eight</option>
					<option value="9">nine</option>
					<option value="10">ten</option>
					<option value="11">eleven</option>
					<option value="12">twelve</option>
				</field>
				<field name="mainright" type="list" default="12" label="right width" >
					<option value="1">one</option>
					<option value="2">two</option>
					<option value="3">three</option>
					<option value="4">four</option>
					<option value="5">five</option>
					<option value="6">six</option>
					<option value="7">seven</option>
					<option value="8">eight</option>
					<option value="9">nine</option>
					<option value="10">ten</option>
					<option value="11">eleven</option>
					<option value="12">twelve</option>
				</field>
			</fieldset>	

			<fieldset name="Position Spans Row 10" label="Span for Positions on Row 10">
               	<field name="row10Name" type="text" default="Row 10" label="Name for this row" description="When this row collapses on a small screen, this is the text that will be displayed in the show/hide button" size="50" />
				<field name="CalculateR10" type="radio" default="1" label="Auto Calculate columns spanned?" description="Calculate the number of columns required by dividing the number of active positions by the available columns. This will override anything you enter in this section.">
                	<option value="1">Yes</option>
					<option value="0">No</option>
				</field>
                <field name="section-r10-1" type="list" default="12" label="Section Row 10 position 1 width" >
					<option value="1">one</option>
					<option value="2">two</option>
					<option value="3">three</option>
					<option value="4">four</option>
					<option value="5">five</option>
					<option value="6">six</option>
					<option value="7">seven</option>
					<option value="8">eight</option>
					<option value="9">nine</option>
					<option value="10">ten</option>
					<option value="11">eleven</option>
					<option value="12">twelve</option>
				</field>
				<field name="row10aLeftMargin" type="radio" default="1" label="No Left Margin?" description="Selecting Yes will force this module position to have no left margin">
					<option value="1">Yes</option>
					<option value="0">No</option>
				</field>

				<field name="section-r10-2" type="list" default="12" label="Section Row 10 position 2 width" >
					<option value="1">one</option>
					<option value="2">two</option>
					<option value="3">three</option>
					<option value="4">four</option>
					<option value="5">five</option>
					<option value="6">six</option>
					<option value="7">seven</option>
					<option value="8">eight</option>
					<option value="9">nine</option>
					<option value="10">ten</option>
					<option value="11">eleven</option>
					<option value="12">twelve</option>
				</field>
				<field name="row10bLeftMargin" type="radio" default="0" label="No Left Margin?" description="Selecting Yes will force this module position to have no left margin">
					<option value="1">Yes</option>
					<option value="0">No</option>
				</field>

				<field name="section-r10-3" type="list" default="12" label="Section Row 10 position 3 width" >
					<option value="1">one</option>
					<option value="2">two</option>
					<option value="3">three</option>
					<option value="4">four</option>
					<option value="5">five</option>
					<option value="6">six</option>
					<option value="7">seven</option>
					<option value="8">eight</option>
					<option value="9">nine</option>
					<option value="10">ten</option>
					<option value="11">eleven</option>
					<option value="12">twelve</option>
				</field>
				<field name="row10cLeftMargin" type="radio" default="0" label="No Left Margin?" description="Selecting Yes will force this module position to have no left margin">
					<option value="1">Yes</option>
					<option value="0">No</option>
				</field>

				<field name="section-r10-4" type="list" default="12" label="Section Row 10 position 4 width" >
					<option value="1">one</option>
					<option value="2">two</option>
					<option value="3">three</option>
					<option value="4">four</option>
					<option value="5">five</option>
					<option value="6">six</option>
					<option value="7">seven</option>
					<option value="8">eight</option>
					<option value="9">nine</option>
					<option value="10">ten</option>
					<option value="11">eleven</option>
					<option value="12">twelve</option>
				</field>
				<field name="row10dLeftMargin" type="radio" default="0" label="No Left Margin?" description="Selecting Yes will force this module position to have no left margin">
					<option value="1">Yes</option>
					<option value="0">No</option>
				</field>
            </fieldset>	

			<fieldset name="Position Spans Row 11" label="Span for Positions on Row 11">
               	<field name="row11Name" type="text" default="Row 11" label="Name for this row" description="When this row collapses on a small screen, this is the text that will be displayed in the show/hide button" size="50" />
				<field name="CalculateR11" type="radio" default="1" label="Auto Calculate columns spanned?" description="Calculate the number of columns required by dividing the number of active positions by the available columns. This will override anything you enter in this section.">
                	<option value="1">Yes</option>
					<option value="0">No</option>
				</field>
                <field name="section-11-1" type="list" default="12" label="Section Row 11 position 1 width" >
					<option value="1">one</option>
					<option value="2">two</option>
					<option value="3">three</option>
					<option value="4">four</option>
					<option value="5">five</option>
					<option value="6">six</option>
					<option value="7">seven</option>
					<option value="8">eight</option>
					<option value="9">nine</option>
					<option value="10">ten</option>
					<option value="11">eleven</option>
					<option value="12">twelve</option>
				</field>
				<field name="row11aLeftMargin" type="radio" default="1" label="No Left Margin?" description="Selecting Yes will force this module position to have no left margin">
					<option value="1">Yes</option>
					<option value="0">No</option>
				</field>

				<field name="section-r11-2" type="list" default="12" label="Section Row 11 position 2 width" >
					<option value="1">one</option>
					<option value="2">two</option>
					<option value="3">three</option>
					<option value="4">four</option>
					<option value="5">five</option>
					<option value="6">six</option>
					<option value="7">seven</option>
					<option value="8">eight</option>
					<option value="9">nine</option>
					<option value="10">ten</option>
					<option value="11">eleven</option>
					<option value="12">twelve</option>
				</field>
				<field name="row11bLeftMargin" type="radio" default="0" label="No Left Margin?" description="Selecting Yes will force this module position to have no left margin">
					<option value="1">Yes</option>
					<option value="0">No</option>
				</field>

				<field name="section-r11-3" type="list" default="12" label="Section Row 11 position 3 width" >
					<option value="1">one</option>
					<option value="2">two</option>
					<option value="3">three</option>
					<option value="4">four</option>
					<option value="5">five</option>
					<option value="6">six</option>
					<option value="7">seven</option>
					<option value="8">eight</option>
					<option value="9">nine</option>
					<option value="10">ten</option>
					<option value="11">eleven</option>
					<option value="12">twelve</option>
				</field>
				<field name="row11cLeftMargin" type="radio" default="0" label="No Left Margin?" description="Selecting Yes will force this module position to have no left margin">
					<option value="1">Yes</option>
					<option value="0">No</option>
				</field>

				<field name="section-r11-4" type="list" default="12" label="Section Row 11 position 4 width" >
					<option value="1">one</option>
					<option value="2">two</option>
					<option value="3">three</option>
					<option value="4">four</option>
					<option value="5">five</option>
					<option value="6">six</option>
					<option value="7">seven</option>
					<option value="8">eight</option>
					<option value="9">nine</option>
					<option value="10">ten</option>
					<option value="11">eleven</option>
					<option value="12">twelve</option>
				</field>
				<field name="row11dLeftMargin" type="radio" default="0" label="No Left Margin?" description="Selecting Yes will force this module position to have no left margin">
					<option value="1">Yes</option>
					<option value="0">No</option>
				</field>
            </fieldset>	

			<fieldset name="Position Spans Row 12" label="Span for Positions on Row 12">
               	<field name="row12Name" type="text" default="Row 12" label="Name for this row" description="When this row collapses on a small screen, this is the text that will be displayed in the show/hide button" size="50" />
                <field name="section-r12" type="list" default="12" label="Section Row 12 position 1 width"  description="Fixed at twelve columns, use module specific css classes to set the span for individual modules.">
					<option value="12">twelve</option>
				</field>
				<field name="row12aLeftMargin" type="radio" default="1" label="No Left Margin?" description="Selecting Yes will force this module position to have no left margin">
					<option value="1">Yes</option>
					<option value="0">No</option>
				</field>
			</fieldset>

			<fieldset name="Position Spans Row 13" label="Span for Positions on Row 13">
               	<field name="row13Name" type="text" default="Footer" label="Name for this row" description="When this row collapses on a small screen, this is the text that will be displayed in the show/hide button" size="50" />
				<field name="CalculateR13" type="radio" default="1" label="Auto Calculate columns spanned?" description="Calculate the number of columns required by dividing the number of active positions by the available columns. This will override anything you enter in this section.">
                	<option value="1">Yes</option>
					<option value="0">No</option>
				</field>
                <field name="section-r13-1" type="list" default="12" label="Section Row 13 position 1 width" >
					<option value="1">one</option>
					<option value="2">two</option>
					<option value="3">three</option>
					<option value="4">four</option>
					<option value="5">five</option>
					<option value="6">six</option>
					<option value="7">seven</option>
					<option value="8">eight</option>
					<option value="9">nine</option>
					<option value="10">ten</option>
					<option value="11">eleven</option>
					<option value="12">twelve</option>
				</field>
				<field name="row13aLeftMargin" type="radio" default="1" label="No Left Margin?" description="Selecting Yes will force this module position to have no left margin">
					<option value="1">Yes</option>
					<option value="0">No</option>
				</field>

				<field name="section-r13-2" type="list" default="12" label="Section Row 13 position 2 width" >
					<option value="1">one</option>
					<option value="2">two</option>
					<option value="3">three</option>
					<option value="4">four</option>
					<option value="5">five</option>
					<option value="6">six</option>
					<option value="7">seven</option>
					<option value="8">eight</option>
					<option value="9">nine</option>
					<option value="10">ten</option>
					<option value="11">eleven</option>
					<option value="12">twelve</option>
				</field>
				<field name="row13bLeftMargin" type="radio" default="0" label="No Left Margin?" description="Selecting Yes will force this module position to have no left margin">
					<option value="1">Yes</option>
					<option value="0">No</option>
				</field>

				<field name="section-r13-3" type="list" default="12" label="Section Row 13 position 3 width" >
					<option value="1">one</option>
					<option value="2">two</option>
					<option value="3">three</option>
					<option value="4">four</option>
					<option value="5">five</option>
					<option value="6">six</option>
					<option value="7">seven</option>
					<option value="8">eight</option>
					<option value="9">nine</option>
					<option value="10">ten</option>
					<option value="11">eleven</option>
					<option value="12">twelve</option>
				</field>
				<field name="row13bcLeftMargin" type="radio" default="0" label="No Left Margin?" description="Selecting Yes will force this module position to have no left margin">
					<option value="1">Yes</option>
					<option value="0">No</option>
				</field>

				<field name="section-r13-4" type="list" default="12" label="Section Row 13 position 4 width" >
					<option value="1">one</option>
					<option value="2">two</option>
					<option value="3">three</option>
					<option value="4">four</option>
					<option value="5">five</option>
					<option value="6">six</option>
					<option value="7">seven</option>
					<option value="8">eight</option>
					<option value="9">nine</option>
					<option value="10">ten</option>
					<option value="11">eleven</option>
					<option value="12">twelve</option>
				</field>
				<field name="row13dLeftMargin" type="radio" default="0" label="No Left Margin?" description="Selecting Yes will force this module position to have no left margin">
					<option value="1">Yes</option>
					<option value="0">No</option>
				</field>
            </fieldset>	

		</fields>
	</config>
</extension>